word;exercise
diktieren;1/10c
auf (ohren auf!);1/11a
ice, der, -s;1/11a
zugnummer, die, -n;1/11a
bushaltestelle, die, -n;1/12b
gepäckband, das, -er;1/12b
tiergarten, der, -;1/12b
hauptbahnhof, der, -e;1/12c
alm, die, -en;1/13a
almsommer, der, -;1/13a
almurlaub, der, -e;1/13a
begeistert;1/13a
beinahe;1/13a
eher (insgesamt ist es eher einsam hier auf der alm.);1/13a
einsamkeit, die (sg.);1/13a
empfang, der (sg.) (hier auf dem berg gibt es keinen empfang für handys.);1/13a
entschließen (sich) (zu + d.), er entschließt, entschloss, hat entschlossen;1/13a
erholt;1/13a
erkälten (sich);1/13a
falls;1/13a
gebirge, das, -;1/13a
gegen (wir treffen uns gegen 8 uhr, okay?);1/13a
heim|fahren, er fährt heim, fuhr heim, ist heimgefahren;1/13a
heimweh, das (sg.);1/13a
hierher;1/13a
hütte, die, -n;1/13a
käserei, die, -en;1/13a
melken;1/13a
momentan;1/13a
neuigkeit, die, -en;1/13a
rückblick, der, -e;1/13a
sonnenaufgang, der, -e;1/13a
terminkalender, der, -;1/13a
vorbei sein;1/13a
zeitpunkt, der, -e;1/13a
almaufenthalt, der, -e;1/13b
mit|arbeiten;1/13b
ferienclub, der, -s;1/13c
olivenbaum, der, -e;1/13c
weihnachtsferien, die (pl.);1/13c
faulenzen;1/1a
giftig;1/1a
himmel, der, -;1/1a
im freien;1/1a
insekt, das, -en;1/1a
netz, das, -e (er hat nachts ein netz vor dem zelt.);1/1a
pilz, der, -e;1/1a
schutz, der (sg.);1/1a
zelten;1/1a
angenehm;1/2
aussicht, die, -en;1/2
dabei sein (für + a.) (im urlaub am meer ist für jeden etwas dabei.);1/2
drüben;1/2
erlebnis, das, -se;1/2
genuss, der (sg.);1/2
herrlich;1/2
küste, die, -n;1/2
reif;1/2
sand, der (sg.);1/2
traube, die, -n;1/2
urlaubsgruß, der, -e;1/2
derselbe, dasselbe, dieselbe;1/3b
entfernung, die, -en;1/3b
ferienhaus, das, -er;1/3b
gründlich;1/3b
rechtzeitig;1/3b
schick;1/3b
typ, der, -en;1/3b
urlaubstyp, der, -en;1/3b
urlaubsziel, das, -e;1/3b
chat, der, -s;1/4a
erholen (sich);1/4a
kompromiss, der, -e;1/4a
meinetwegen;1/4a
sorry (ugs.);1/4a
urlaubsplanung, die, -en;1/4a
wieso;1/4a
zu (ich habe keine lust, lange nach einer ferienwohnung zu suchen.);1/4a
entspannend;1/5a
erfahren, er erfährt, erfuhr, hat erfahren;1/5c
schifffahrt, die, -en;1/6a
wellnesshotel, das, -s;1/6a
ca.;1/7
enthalten sein (in + d.) (in der küche ist viel zu viel essen enthalten.);1/7
fahrtzeit, die, -en;1/7
gästehaus, das, -er;1/7
halbpension, die (sg.);1/7
höchstens;1/7
reisebüro-mitarbeiter, der, -;1/7
reisebüro-mitarbeiterin, die, -nen;1/7
skibus, der, -se;1/7
skigebiet, das, -e;1/7
skilift, der, -e;1/7
vollpension, die (sg.);1/7
wellness-bereich, der, -e;1/7
winterurlaub, der, -e;1/7
badewanne, die, -n;1/8b
boot, das, -e;1/8b
da (da rothenburg so bekannt ist, kommen viele touristen in die stadt.);1/8b
einfall, der, -e;1/8b
enttäuscht;1/8b
forumstext, der, -e;1/8b
jedenfalls;1/8b
liegen (1), er liegt, lag, hat gelegen (in umfragen liegen meistens große städte vorn.);1/8b
obwohl;1/8b
offenbar;1/8b
solche, solchen;1/8b
spazieren;1/8b
stadtatmosphäre, die (sg.);1/8b
strandpromenade, die, -n;1/8b
weg sein;1/8b
strandurlaub, der, -e;1/8c
abenteuer, das, -;1/9a
auf|bauen;1/9a
bild-geschichte, die, -n;1/9a
bock (sg. ohne artikel, ugs.) (keinen bock mehr auf etwas haben);1/9a
brennen, er brennt, brannte, hat gebrannt;1/9a
eimer, der, - (es regnet! der ganze ausflug ist im eimer!);1/9a
kofferraum, der, -e;1/9a
mehrfach;1/9a
schief|gehen, es geht schief, ging schief, ist schiefgegangen;1/9a
tragen, er trägt, trug, hat getragen (gepäck zum auto tragen);1/9a
verzweifelt;1/9a
wiese, die, -n;1/9a
zeug, das (sg.);1/9a
fest machen;1/9c
perspektive, die, -n;1/9c
davon;2/10a
klebefilm, der, -e;2/10a
markenname, der, -n;2/10a
schmerztablette, die, -n;2/10a
süßstoff, der, -e;2/10a
taschentuch, das, -er;2/10a
an|sprechen, er spricht an, sprach an, hat angesprochen (werbung spricht sehr oft gefühle an.);2/10b
aufmerksam;2/10b
automatisch;2/10b
beeinflussen;2/10b
dabei (werbung hilft dabei, dass kunden bestimmte produkte kaufen.);2/10b
ebenfalls;2/10b
erinnerung, die, -en (in erinnerung bleiben);2/10b
genügen;2/10b
interessiert;2/10b
kaufverhalten, das, -;2/10b
reichen (das reicht schon.);2/10b
spruch, der, -e;2/10b
überrascht;2/10b
unternehmen, das, -;2/10b
verhalten, das, -;2/10b
vertrauen;2/10b
werbesprache, die (sg.);2/10b
werbetrick, der, -s;2/10b
wortspiel, das, -e;2/10b
merkmal, das, -e;2/10c
finnland;2/11
italienisch;2/11
kinderprodukt, das, -e;2/11
ungesund;2/11
verbieten, er verbietet, verbat, hat verboten;2/11
verboten;2/11
benötigen;2/1a
fingerabdruck, der, -e;2/1a
funkkopfhörer, der, -;2/1a
lastenfahrrad, das, -er;2/1a
sprachassistent, der, -en;2/1a
steh-sitz-tisch, der, -e;2/1a
türöffner, der, -;2/1a
an|schließen (1), er schließt an, schloss an, hat angeschlossen (er schließt den lautsprecher an den laptop an.);2/1b
auf|laden, er lädt auf, lud auf, hat aufgeladen;2/1b
bedienen;2/1b
ein|setzen (1) (eine batterie ins handy einsetzen);2/1b
ein|stecken;2/1b
installieren;2/1b
schalten (das handy stumm schalten);2/1b
slogan, der, -s;2/1b
stumm (das handy stumm schalten);2/1b
taste, die, -n;2/1b
transport, der, -e;2/1b
anleitung, die, -en;2/3a
an|schaffen (sich);2/3a
bloß;2/3a
frage, die, -n (vor einer frage stehen);2/3a
handyladen, der, -;2/3a
herunter|fallen, er fällt herunter, fiel herunter, ist heruntergefallen;2/3a
irgendetwas;2/3a
kaputt|gehen, er geht kaputt, ging kaputt, ist kaputtgegangen;2/3a
kommen (1), er kommt, kam, ist gekommen (auf den markt kommen);2/3a
lohnen (sich);2/3a
sonderangebot, das, -e;2/3a
staubsauger, der, -;2/3a
stehen (1), er steht, stand, hat gestanden (vor einer frage stehen);2/3a
technisch;2/3a
knopf, der, -e;2/3e
nähen;2/3e
reinigen;2/3e
streichen, er streicht, strich, hat gestrichen;2/3e
kopfhörer, der, -;2/4a
ladekabel, das, -;2/4a
powerbank, die, -s;2/4a
daher;2/4b
darum (1) (max‘ lautsprecher geht nicht, darum lässt er ihn reparieren.);2/4b
deswegen;2/4b
handyakku, der, -s;2/4b
sodass;2/4b
stick, der, -s;2/4b
an|haben, er hat an, hatte an, hat angehabt;2/5a
an|schalten;2/5a
dabei|haben;2/5a
diesmal;2/5a
ec-karte, die, -n;2/5a
gebrauchsanweisung, die, -en;2/5a
geheimzahl, die, -en;2/5a
geldautomat, der, -en;2/5a
girokonto, das, -konten;2/5a
gratis;2/5a
nach|sehen, er sieht nach, sah nach, hat nachgesehen;2/5a
portemonnaie, das, -s;2/5a
rabatt, der, -e;2/5a
rein (es war reines glück, dass ich mein handy wieder gefunden habe.);2/5a
verraten, er verrät, verriet, hat verraten;2/5a
zurück|gehen, er geht zurück, ging zurück, ist zurückgegangen;2/5a
zurück|zahlen;2/5a
garantie, die, -n;2/5b
laden, er lädt, lud, hat geladen (mein handy ist fast leer, ich muss es laden.);2/5b
quittung, die, -en;2/5b
reklamieren;2/5b
testen;2/5c
technologie, die, -n;2/6a
vorstellung, die, -en (hast du eine vorstellung, wie eine smarte wohnung aussieht?);2/6a
alarmanlage, die, -n;2/6b
ausnahme, die, -n;2/6b
bemerken;2/6b
bereits;2/6b
berühren;2/6b
einbruch, der, -e;2/6b
gleichzeitig;2/6b
haustür, die, -en;2/6b
hin|sehen, er sieht hin, sah hin, hat hin|gesehen;2/6b
jalousie, die, -n;2/6b
machen (zu + d.) (wir haben die wohnung zu einem smart home gemacht.);2/6b
magazin, das, -e;2/6b
monitor, der, -en;2/6b
neubau, der, -ten;2/6b
nutzung, die, -en;2/6b
sicher (durch die alarmanlage fühlen sich die bewohner sicher.);2/6b
smart;2/6b
smart home, das, -s;2/6b
steuern;2/6b
tagesablauf, der, -e;2/6b
videonachricht, die, -en;2/6b
wand, die, -e;2/6b
zentrale, die, -n;2/6b
kommen (2), er kommt, kam, ist gekommen (zu besuch kommen);2/6c
wessen;2/6c
zu besuch kommen;2/6c
an|passen (an + a.);2/6d
ein|schalten;2/6d
hightech (sg. ohne artikel);2/6d
geschehen, er geschieht, geschah, ist geschehen;2/7a
leisten (sich);2/7a
sorge, die, -n (ich mache mir so viele sorgen um meine kinder.);2/7a
trotz (+ g.);2/7a
wegen (+ g.);2/7a
entsprechen, er entspricht, entsprach, hat entsprochen;2/7b
einkaufsliste, die, -n;2/7c
sparsam;2/7c
von hand;2/7c
gefahr, die, -en;2/7d
werbeanzeige, die, -n;2/9b
ansprechend;2/9c
unmodern;2/9c
unverständlich;2/9c
ausgezeichnet;2/9d
frech;2/9d
merkwürdig;2/9d
seltsam;2/9d
wirken (auf + a.);2/9d
begrüßen;3/10a
benehmen, das (sg.);3/10a
anwesend;3/10b
auf|halten (1), er hält auf, hielt auf, hat aufgehalten (es ist höflich, anderen menschen die tür aufzuhalten.);3/10b
begrüßung, die, -en;3/10b
benimmbuch, das, -er;3/10b
beziehung, die, -en;3/10b
beziehungsweise (bzw.);3/10b
duzen;3/10b
gastgeber, der, -;3/10b
gastgeberin, die, -nen;3/10b
geschäftsfrau, die, -en;3/10b
geschäftsmann, der, -er;3/10b
gewohnheit, die, -en;3/10b
hierarchisch;3/10b
ignorieren;3/10b
klagen;3/10b
kuss, der, -e;3/10b
lift, der, -e;3/10b
niesen;3/10b
personal, das (sg.);3/10b
reihe, die, -n (der reihe nach);3/10b
siezen;3/10b
theoretisch;3/10b
üblich;3/10b
umarmen;3/10b
umgekehrt;3/10b
unsicher;3/10b
unter (+ d.) (unter studierenden gibt es eigentlich kein siezen mehr.);3/10b
verhalten (sich), er verhält, verhielt, hat verhalten;3/10b
verkehrt;3/10b
vertraut;3/10b
vorgesetzte, der/die, -n;3/10b
wange, die, -n;3/10b
arbeiter, der, -;3/1a
arbeiterin, die, -nen;3/1a
automatisiert;3/1a
bedingung, die, -en;3/1a
behandlung, die, -en;3/1a
diagnose, die, -n;3/1a
gruppenarbeit, die, -en;3/1a
handarbeit, die, -en;3/1a
hygiene, die (sg.);3/1a
konkurrenz, die (sg.);3/1a
medizinisch;3/1a
monoton;3/1a
operieren;3/1a
pflegekraft, die, -e;3/1a
schulbildung, die (sg.);3/1a
strafe, die, -n;3/1a
tolerant;3/1a
unterrichtsform, die, -en;3/1a
gegensatz, der, -e;3/1b
minimal;3/1b
ausschließlich;3/2
bewusst;3/2
biologisch;3/2
diät, die, -en;3/2
ernähren (sich);3/2
ernährung, die (sg.);3/2
fitness, die (sg.);3/2
form, die, -en;3/2
frucht, die, -e;3/2
halten, er hält, hielt, hat gehalten (diät halten);3/2
karotte, die, -n;3/2
nahrungsmittel, das, -;3/2
produziert (ökologisch produzierte ware);3/2
speise, die, -n;3/2
trend, der, -s;3/2
vegan;3/2
vegetarisch;3/2
vitamin, das, -e;3/2
workout, das, -s;3/2
erben;3/3a
weshalb;3/3a
führen (zu + d.) (welche ereignisse können zu veränderungen führen?);3/3b
gewohnt;3/3b
krisensituation, die, -en;3/3b
lebensgeschichte, die, -n;3/3b
lebensweg, der, -e;3/3b
prozess, der, -e;3/3b
raus;3/3b
todesfall, der, -e;3/3b
trennung, die, -en;3/3b
wendepunkt, der, -e;3/3b
zeitschriftenartikel, der, -;3/3b
abwärts;3/3c
afrika;3/3c
anliegen, das, -;3/3c
bahnradfahrer, der, -;3/3c
bahnradfahrerin, die, -nen;3/3c
berufssoldat, der, -en;3/3c
berufssoldatin, die, -nen;3/3c
buchautor, der, -en;3/3c
buchautorin, die, -nen;3/3c
bundeswehrzeit, die, -en;3/3c
ehren;3/3c
ein|setzen (2) (sich) (für/gegen + a.) (sich für den schutz der wildtiere einsetzen);3/3c
engagieren (sich) (für/gegen + a.) (sich für den schutz der wildtiere einsetzen);3/3c
engagiert sein;3/3c
ereignen (sich);3/3c
-fach (zehnfach);3/3c
gelähmt;3/3c
held, der, -en;3/3c
heldin, die, -nen;3/3c
herausforderung, die, -en;3/3c
höhepunkt, der, -e;3/3c
kämpfen (für/gegen + a.);3/3c
lebenswende, die, -n;3/3c
lokal;3/3c
mittlerweile;3/3c
mut, der (sg.) (mark möchte anderen mut machen, für ihre ziele zu kämpfen.);3/3c
namibia;3/3c
oberkörper, der, -;3/3c
olympiasieger, der, -;3/3c
olympiasiegerin, die, -nen;3/3c
optimismus, der (sg.);3/3c
politisch;3/3c
powerfrau, die, -en;3/3c
privatleben, das (sg.);3/3c
radikal;3/3c
rückkehr, die (sg.);3/3c
sammeln (als fotograf hat er schon viel erfahrung gesammelt.);3/3c
schließlich;3/3c
schutzprojekt, das, -e;3/3c
sehnsucht, die, -e;3/3c
seitdem (sie hatte einen unfall. seitdem ist sie gelähmt.);3/3c
selbstständigkeit, die (sg.);3/3c
stadtrat, der, -e;3/3c
stürzen;3/3c
tätig sein;3/3c
unverändert;3/3c
verursachen;3/3c
von … auf (von einem tag auf den anderen veränderte sich ihr leben radikal.);3/3c
wahl (1), die, -en (sie gewann eine lokale wahl und ist nun im stadtrat aktiv.);3/3c
weltmeister, der, -e;3/3c
weltmeisterin, die, -nen;3/3c
wesentlich;3/3c
wildhüter, der, -;3/3c
wildhüterin, die, -nen;3/3c
wildtier, das, -e;3/3c
wildtierstation, die, -en;3/3c
wirbelsäule, die, -n;3/3c
zufällig;3/3c
zweimonatig;3/3c
literarisch;3/4b
vergangene, das (sg.);3/4b
vergangenheitsform, die, -en;3/4b
zeitungsartikel, der, -;3/4b
begeistern;3/4d
historisch;3/4d
stadtfest, das, -e;3/4d
erstellen;3/5a
alte, der/die, -n (wieder der/die alte sein);3/5b
auf|wachen;3/5b
außerhalb (+ g.);3/5b
frisch (1) (ich bin frisch verliebt.);3/5b
gemacht sein (für + a.) (ich freue mich, wenn ich klamotten finde, die wie für mich gemacht sind.);3/5b
innerhalb (+ g.);3/5b
liebevoll;3/5b
nachtisch, der, -e;3/5b
schwach, schwächer, am schwächsten;3/5b
schwiegereltern, die (pl.);3/5b
sonnabend, der, -e;3/5b
verlieben (sich) (in + a.);3/5b
verschwinden, er verschwindet, verschwand, ist verschwunden;3/5b
während (+ g.) (während der arbeit lachen mein team und ich oft.);3/5b
regentag, der, -e;3/5e
jetzig;3/6a
klinikum, das, kliniken;3/6a
krise, die, -n;3/6b
lieb haben;3/6b
verhältnis, das, -se;3/6b
zuneigung, die (sg.);3/6b
botschaft, die, -en;3/6c
konsulat, das, -e;3/6c
reisepass, der, -e;3/6c
überqueren;3/6c
zoll, der, -e;3/6c
auf|geben, er gibt auf, gab auf, hat aufgegeben;3/6d
liebesgeschichte, die, -n;3/6d
niemals;3/6d
weg|ziehen, er zieht weg, zog weg, ist weggegangen;3/6d
büroangestellte, der/die, -n;3/8a
camping, das (sg.);3/8b
espresso-kanne, die, -n;3/8b
aspekt, der, -e;3/9a
blogeintrag, der, -e;3/9a
fach, das, -er (meine tasche hat viele kleine fächer.);3/9a
gucken;3/9a
jahrelang;3/9a
lehrling, der, -e;3/9a
mark, die, - (vor dem euro war die währung in deutschland mark.);3/9a
pfennig, der, -e (vor dem cent hieß die währung in deutschland pfennig.);3/9a
relativ;3/9a
veröffentlichen;3/9a
baustein, der, -e;3/9b
muster, das, -;3/9b
struktur, die, -en;3/9b
tempusform, die, -en;3/9b
aus|suchen;3/9c
nachher;3/9c
arbeitnehmer, der, -;4/10a
arbeitnehmerin, die, -nen;4/10a
eindruck, der, -e (mach einen guten eindruck auf den arbeitgeber.);4/10a
klein|machen;4/10a
überzeugen (von + d.);4/10a
qualifiziert;4/10c
absprache, die, -n;4/12a
gesucht;4/12a
inserat, das, -e;4/12a
kommunikativ;4/12a
nachtportier, der, -s/-e;4/12a
stundenlohn, der, -e;4/12a
teilzeitjob, der, -s;4/12a
vergnügen, das, -;4/12a
zeiteinteilung, die, -en;4/12a
bereich, der, -e;4/12b
bewerbungsunterlagen, die (pl.);4/12b
interessent, der, -en;4/12b
interessentin, die, -nen;4/12b
vorbei|kommen, er kommt vorbei, kam vorbei, ist vorbeigekommen;4/12b
absolut;4/13b
aggressiv;4/13b
anfahrt, die, -en;4/13b
aufmerksamkeit, die (sg.);4/13b
aufregung, die (sg.);4/13b
auftritt, der, -e;4/13b
beurteilung, die, -en;4/13b
bewerber, der, -;4/13b
bewerberin, die, -nen;4/13b
branche, die, -n;4/13b
einstellung, die, -en;4/13b
entspannt;4/13b
fähigkeit, die, -en;4/13b
faktor, der, faktoren;4/13b
gesamt;4/13b
heraus|suchen;4/13b
konservativ;4/13b
körperhaltung, die, -en;4/13b
körpersprache, die (sg.);4/13b
lauter (vor lauter aufregung habe ich die frage der prüferin nicht verstanden.);4/13b
locker;4/13b
menschlich;4/13b
möglichst;4/13b
offen (jeder arbeitgeber freut sich über offene und engagierte mitarbeiter.);4/13b
optimistisch;4/13b
outfit, das, -s;4/13b
persönlichkeit, die, -en;4/13b
planung, die, -en;4/13b
ruhig (sagen sie ruhig, wenn sie etwas nicht verstanden haben.);4/13b
signalisieren;4/13b
steif;4/13b
stellen (den wecker stellen);4/13b
unternehmer, der, -;4/13b
unternehmerin, die, -nen;4/13b
verbindung, die, -en;4/13b
vor|ziehen, er zieht vor, zog vor, hat vorgezogen;4/13b
wecker, der, - (den wecker stellen);4/13b
zählen (1) (zu + d.) (pünktlichkeit zählt zu den wichtigsten eigenschaften eines bewerbers.);4/13b
zahlreich;4/13b
zornig;4/13b
zusammen|stellen;4/13b
zweifel, der, -;4/13b
inhaltlich;4/13c
speziell;4/13d
akte, die, -n;4/1a
an|bauen;4/1a
angeklagte, der/die, -n;4/1a
anlage, die, -n;4/1a
beschäftigen (sich) (mit + d.);4/1a
einkommen, das, -;4/1a
elektroingenieur, der, -e;4/1a
elektroingenieurin, die, -nen;4/1a
fair;4/1a
fernsehsender, der, -;4/1a
gerecht;4/1a
gericht, das, -e (ich bin anwältin und oft am gericht.);4/1a
gerichtsverhandlung, die, -en;4/1a
her|stellen;4/1a
industrie, die, -n;4/1a
landwirtschaft, die (sg.);4/1a
menschenkenntnis, die (sg.);4/1a
öffentlichkeit, die (sg.);4/1a
partei, die, -en;4/1a
rechtsanwalt, der, -e;4/1a
rechtsanwältin, die, -nen;4/1a
reportage, die, -n;4/1a
reporter, der, -;4/1a
reporterin, die, -nen;4/1a
richter, der, -;4/1a
richterin, die, -nen;4/1a
schreiner, der, -;4/1a
schreinerin, die, -nen;4/1a
spezialist, der, -en;4/1a
spezialistin, die, -nen;4/1a
urteil, das, -e;4/1a
verbrechen, das, -;4/1a
analyse, die, -n;4/1b
aus|tragen, er trägt aus, trug aus, hat ausgetragen (post austragen);4/1b
briefträger, der, -;4/1b
briefträgerin, die, -nen;4/1b
chemiker, der, -;4/1b
chemikerin, die, -nen;4/1b
elektronik, die (sg.);4/1b
exakt;4/1b
geregelt;4/1b
mechatroniker, der, -;4/1b
mechatronikerin, die, -nen;4/1b
metall, das, -e;4/1b
zu|stellen;4/1b
augenblick, der, -e;4/1c
daran;4/1c
entwicklung, die, -en;4/1c
ernst nehmen, er nimmt ernst, nahm ernst, hat ernst genommen;4/1c
ursprünglich;4/1c
aus|halten, er hält aus, hielt aus, hat ausgehalten;4/3
wunschberuf, der, -e;4/3
konjunktivform, die, -en;4/4d
bedingungssatz, der, -e;4/5a
frei|nehmen, er nimmt frei, nahm frei, hat freigenommen;4/5a
irreal;4/5a
besteck, das, -e;4/6a
bürste, die, -n;4/6a
färben;4/6a
föhnen;4/6a
gaststätte, die, -n;4/6a
hammer, der, -;4/6a
imbiss, der, -e;4/6a
kamm, der, -e;4/6a
karton, der, -s;4/6a
rechner, der, -;4/6a
schere, die, -n;4/6a
umschlag, der, -e;4/6a
irren (sich) (in + d.);4/6c
schütten (peinlich, heute habe ich einem kollegen aus versehen kaffee über das hemd geschüttet.);4/6c
versehen, das, - (aus versehen);4/6c
verwechseln;4/6c
zusammen|sitzen, er sitzt zusammen, saß zusammen, ist zusammengesessen;4/6c
absicht, die, -en;4/6d
schrecklich (es tut mir schrecklich leid!);4/6d
verzeihen, er verzeiht, verzieh, hat verziehen;4/6d
kürzlich;4/6e
unfreundlich;4/7a
variante, die, -n;4/7a
ab|schreiben, er schreibt ab, schrieb ab, hat abgeschrieben;4/8b
anhang, der, -e;4/8b
an|kommen (auf + d.), es kommt an, kam an, ist angekommen;4/8b
aussagekräftig;4/8b
bescheinigung, die, -en;4/8b
bewerbungsfoto, das, -s;4/8b
bewerbungsportal, das, -e;4/8b
bewerbungsschreiben, das, -;4/8b
bewerbungstraining, das, -s;4/8b
darum (2) (könntest du dich darum kümmern, dass unser kunde pünktlich zum flughafen kommt?);4/8b
download, der, -s;4/8b
eignen (sich) (für + a.);4/8b
enthalten, er enthält, enthielt, hat enthalten;4/8b
erkundigen (sich) (nach + d.);4/8b
fortbildung, die, -en;4/8b
frühere;4/8b
geduld, die (sg.);4/8b
institution, die, -en;4/8b
jedoch;4/8b
jobsuche, die, -n;4/8b
lebenslauf, der, -e;4/8b
mit|schicken;4/8b
pdf-dokument, das, -e;4/8b
personalabteilung, die, -en;4/8b
personalchef, der, -s;4/8b
personalchefin, die, -nen;4/8b
personalien, die (pl.);4/8b
profi, der, -s;4/8b
ratgeber, der, -;4/8b
relevant;4/8b
sämtlich;4/8b
selbstverständlich;4/8b
seriös;4/8b
stand, der (sg.) (der chef fragt mich oft nach dem stand der dinge in meinem projekt.);4/8b
voraussetzung, die, -en;4/8b
vorlage, die, -n;4/8b
zukünftig;4/8b
zweck, der, -e;4/8b
darüber;4/9b
pronominaladverb, das, -ien;4/9b
befriedigend;4/9c
beziehen (sich) (auf + a.), er bezieht, bezog, hat bezogen;4/9c
danach (die freie stelle? ja, frau markovic hat sich danach erkundigt.);4/9c
ansicht, die, -en (ich bin der ansicht, dass …);5/10
argument, das, -e;5/10
standpunkt, der, -e;5/10
stehen (2), er steht, stand, hat gestanden (ich stehe auf dem standpunkt, dass …);5/10
überzeugt sein (von + d.);5/10
umsonst;5/10
uni-mensa, die, -mensen;5/10
völlig;5/10
widersprechen, er widerspricht, widersprach, hat widersprochen;5/10
blitz, der, -e;5/11a
blitzen;5/11a
donner, der, -;5/11a
donnern;5/11a
feucht;5/11a
hageln;5/11a
mild;5/11a
neblig;5/11a
nieseln;5/11a
regnerisch;5/11a
schwül;5/11a
stürmisch;5/11a
traumwetter, das (sg.);5/11a
wolkig;5/11a
wettervorhersage, die, -n;5/11b
vorhersage, die, -n;5/11c
wetterbesserung, die (sg.);5/11c
gedächtnis, das (sg.);5/12a
herbststurm, der, -e;5/12a
schneesturm, der, -e;5/12a
sturm, der, -e;5/12a
stürmen;5/12a
auf|klären;5/13a
beteiligen (sich) (an + d.);5/13a
bevölkerung, die, -en;5/13a
bürger, der, -;5/13a
bürgerin, die, -nen;5/13a
dienen (als + n.);5/13a
drehen;5/13a
engagement, das, -s;5/13a
extra;5/13a
geschützt;5/13a
hauskatze, die, -n;5/13a
hilflos;5/13a
idee, die, -n (auf eine idee kommen);5/13a
immer wieder;5/13a
infomaterial, das, -ien;5/13a
katzenfreund, der, -e;5/13a
katzenfreundin, die, -nen;5/13a
klima, das (sg.);5/13a
ländlich;5/13a
mitfahrbank, die, -e;5/13a
nachbardorf, das, -er;5/13a
naturfreund, der, -e;5/13a
naturfreundin, die, -nen;5/13a
pflanzen;5/13a
schaden;5/13a
schwierigkeit, die, -en;5/13a
strauch, der, -er;5/13a
themenwoche, die, -n;5/13a
verteilen;5/13a
vorort, der, -e;5/13a
wildkatze, die, -n;5/13a
zählen (2) (kannst du auf arabisch bis zehn zählen?);5/13a
zeichen, das, -;5/13a
an|schließen (2) (sich), er schließt an, schloss an, hat angeschlossen (beim plogging kann man sich einer gruppe anschließen.);5/13c
auf|heben, er hebt auf, hob auf, hat aufgehoben;5/13c
aufwändig;5/13c
geschwindigkeit, die, -en;5/13c
plogging, das (sg.);5/13c
teilnehmer, der, -;5/13e
teilnehmerin, die, -nen;5/13e
abfall, der, -e;5/1a
autofahrer, der, -;5/1a
autofahrerin, die, -nen;5/1a
bio- (bio-produkte);5/1a
digital;5/1a
durchschnitt, der (sg.);5/1a
europäisch;5/1a
fleischkonsum, der (sg.);5/1a
huhn, das, -er;5/1a
liegen (2), er liegt, lag, hat gelegen (der marktanteil von bio-fleisch liegt nur bei zwei prozent.);5/1a
marktanteil, der, -e;5/1a
mit|rechnen;5/1a
papierverbrauch, der (sg.);5/1a
rekord, der, -e;5/1a
rind, das, -er;5/1a
trinkwasser, das (sg.);5/1a
verbrauchen;5/1a
verpackungsmüll, der (sg.);5/1a
bioprodukt, das, -e;5/2a
recycling, das (sg.);5/2a
region, die, -en;5/2a
regional;5/2a
schützen (vor + d.);5/2a
transportweg, der, -e;5/2a
abgas, das, -e;5/2b
auf|halten (2), er hält auf, hielt auf, hat aufgehalten (wir müssen die klimaerwärmung aufhalten!);5/2b
bekämpfen;5/2b
beobachten;5/2b
bio;5/2b
durch|setzen;5/2b
durch|streichen, er streicht durch, strich durch, hat durchgestrichen;5/2b
erde, die (sg.);5/2b
erforschen;5/2b
ergreifen, er ergreift, ergriff, hat ergriffen;5/2b
ernte, die, -n;5/2b
ernten;5/2b
extrem;5/2b
fördern;5/2b
fortschritt, der, -e;5/2b
herkunft, die, -e;5/2b
klimaerwärmung, die (sg.);5/2b
klimawandel, der (sg.);5/2b
marke, die, -n;5/2b
maßnahme, die, -n;5/2b
messen, er misst, maß, hat gemessen;5/2b
ökologisch;5/2b
ressource, die, -n;5/2b
schädlich;5/2b
stoppen;5/2b
umweltschutz, der (sg.);5/2b
umweltverschmutzung, die (sg.);5/2b
unterstützen;5/2b
ursache, die, -n;5/2b
vernichten;5/2b
verringern;5/2b
verschwenden;5/2b
zerstören;5/2b
begriff, der, -e;5/3
berechnen;5/3
fußabdruck, der, -e;5/3
geschirrspüler, der, -;5/4a
glasflasche, die, -n;5/4a
öko-duell, das, -e;5/4a
plastikflasche, die, -n;5/4a
allerdings;5/4b
bedarf, der (sg.);5/4b
duschzeit, die, -en;5/4b
effizient;5/4b
einwegflasche, die, -n;5/4b
erwärmen;5/4b
fall, der, -e (in jedem fall);5/4b
gedruckt;5/4b
kommen (3) (zu + d.), er kommt, kam, ist gekommen (die diskussion kam leider zu keinem ergebnis.);5/4b
korrekt;5/4b
mehrwegflasche, die, -n;5/4b
ökobilanz, die, -en;5/4b
resultat, das, -e;5/4b
seite, die, -n (mit einer spülmaschine sind sie ökologisch auf der sicheren seite.);5/4b
treffen, er trifft, traf, hat getroffen (eine wahl treffen);5/4b
unterscheiden, er unterscheidet, unterschied, hat unterschieden (unterscheiden zwischen zwei verschiedenen dingen);5/4b
wahl (2), die, -en (eine wahl treffen);5/4b
ökovergleich, der, -e;5/5a
alternative, die, -n;5/6a
pfandflasche, die, -n;5/6a
energiekosten, die (pl.);5/6b
satzzeichen, das, -;5/7a
müllproblem, das, -e;5/7b
absatz, der, -e;5/8a
allein;5/8a
außenseite, die, -n;5/8a
beschädigt;5/8a
dagegen;5/8a
damit (damit nicht so viel müll entsteht, gibt es pfandbecher.);5/8a
entstehen, er entsteht, entstand, ist entstanden;5/8a
erhältlich;5/8a
gegend, die, -en;5/8a
geschäftsidee, die, -n;5/8a
haltbar;5/8a
jederzeit;5/8a
kaffeebecher, der, -;5/8a
krumm;5/8a
kunststoff, der, -e;5/8a
landen (es landen viel zu viele kaffeebecher im abfall.);5/8a
liefern;5/8a
müllberg, der, -e;5/8a
mülleimer, der, -;5/8a
nachhaltig;5/8a
neugründung, die, -en;5/8a
ökostrom, der (sg.);5/8a
online-shop, der, -s;5/8a
pfand, das (sg.);5/8a
recycelbar;5/8a
sogenannt;5/8a
solarpanel, das, -e;5/8a
sonnenenergie, die (sg.);5/8a
start-up, das, -s;5/8a
steckdose, die, -n;5/8a
tonne, die, -n;5/8a
um … zu;5/8a
verleihen, er verleiht, verlieh, hat verliehen;5/8a
vermeiden, er vermeidet, vermied, hat vermieden;5/8a
verschwendung, die (sg.);5/8a
zu tun haben (mit + d.) (was haben diese ideen mit der umwelt zu tun?);5/8a
zurück|bekommen, er bekommt zurück, brachte zurück, hat zurückbekommen;5/8a
zurück|bringen, er bringt zurück, brachte zurück, hat zurückgebracht;5/8a
pfandbecher, der, -;5/9a
retten;5/9a
verlangen;5/9a
wegwerfbecher, der, -;5/9a
aktion, die, -en;5/9b
elektronisch;5/9c
stromverbrauch, der (sg.);5/9c
umwelttipp, der, -s;5/9c
verschmutzen;5/9c
satzanfang, der, -e;5/9d
auszeichnung, die, -en;6/10a
biografie, die, -n;6/10a
casting-show, die, -s;6/10a
charts, die (pl.);6/10a
coversong, der, -s;6/10a
jury, die, -s;6/10a
preis, der, -e;6/10a
songwriter, der, -;6/10a
songwriterin, die, -nen;6/10a
mit|singen, er singt mit, sang mit, hat mitgesungen;6/10b
song, der, -s;6/10b
songtitel, der, -;6/10b
bildunterschrift, die, -en;6/1a
chip, der, -s;6/1a
daten-chip, der, -s;6/1a
drohne, die, -n;6/1a
haut, die, -e;6/1a
irgendwann;6/1a
mars, der (sg.);6/1a
mobilität, die (sg.);6/1a
passagier, der, -e;6/1a
passagierin, die, -nen;6/1a
planet, der, -en;6/1a
staubsaugen;6/1a
übernehmen, er übernimmt, übernahm, hat übernommen (die aufgaben übernehmen);6/1a
wohnanlage, die, -n;6/1a
prognose, die, -n;6/1b
von ... aus (ich arbeite viel von zu hause aus.);6/2a
anlass, der, -e;6/3a
silvester, - (ohne artikel);6/3a
vor|nehmen (sich), er nimmt vor, nahm vor, hat vorgenommen;6/3a
ausrede, die, -n;6/3b
befragen;6/3b
dauernd;6/3b
einfach so;6/3b
fassen (einen vorsatz fassen);6/3b
frisch (2) (ich genieße die ruhe und die frische luft.);6/3b
leser, der, -;6/3b
leserin, die, -nen;6/3b
süßes (papa, bringst du uns was süßes aus dem supermarkt mit?);6/3b
vorsatz, der, -e (einen vorsatz fassen);6/3b
werden (was wird sich in der zukunft ändern?);6/3b
futur, das (sg.);6/3d
wahrheit, die, -en;6/3e
gelingen, es gelingt, gelang, ist gelungen;6/4a
realisieren;6/4a
hauptproblem, das, -e;6/4b
konkret;6/4b
eventuell;6/5a
n-deklination, die, -en;6/5a
praktikant, der, -en;6/5a
praktikantin, die, -nen;6/5a
zitat, das, -e;6/5a
affe, der, -n;6/5b
elefant, der, -en;6/5b
löwe, der, -n;6/5b
pädagoge, der, -n;6/5b
pädagogin, die, -nen;6/5b
vokallänge, die, -n;6/6a
anonym;6/7b
arbeitsort, der, -e;6/7b
auf|halten (3) (sich), er hält auf, hielt auf, hat aufgehalten (sie hält sich viel in der küche der wg auf.);6/7b
aus|gehen (von + d.), er geht aus, ging aus, ist ausgegangen (experten gehen davon aus, dass …);6/7b
autonom;6/7b
befinden (sich), er befindet, befand, hat befunden;6/7b
begegnen;6/7b
dienstleistungsbereich, der, -e;6/7b
erholungsmöglichkeit, die, -en;6/7b
fünftel, das, -;6/7b
fußweg, der, -e;6/7b
grünfläche, die, -n;6/7b
hausbewohner, der, -;6/7b
hausbewohnerin, die, -nen;6/7b
hausfassade, die, -n;6/7b
heutig (heutige fahrzeuge können noch nicht fliegen.);6/7b
homeoffice, das (sg.);6/7b
längst;6/7b
lauten;6/7b
lebensqualität, die (sg.);6/7b
lebenswert;6/7b
mikro-wohnen, das (sg.);6/7b
miteinander;6/7b
prinzip, das, -ien;6/7b
privatauto, das, -s;6/7b
rolle, die, -n (geld spielt für viele eine wichtige rolle im leben.);6/7b
solarzelle, die, -n;6/7b
spielen (geld spielt für viele eine wichtige rolle im leben.);6/7b
stadtviertel, das, -;6/7b
vergrößern;6/7b
voraussichtlich;6/7b
wachsen, er wächst, wuchs, ist gewachsen;6/7b
windturbine, die, -n;6/7b
akademie, die, -n;6/7c
altenheim, das, -e;6/7c
fundbüro, das, -s;6/7c
fußgängerzone, die, -n;6/7c
hallenbad, das, -er;6/7c
kindertagesstätte, die, -n;6/7c
kiosk, der, -e;6/7c
klinik, die, -en;6/7c
tierpark, der, -s;6/7c
volkshochschule, die, -n;6/7c
zirkus, der, -se;6/7c
anteil, der, -e;6/7d
um|formulieren;6/8a
kasus, der (sg.);6/8b
bürgermeister, der, -;6/8c
bürgermeisterin, die, -nen;6/8c
bildung, die (sg.) (eine gute bildung hilft für das ganze leben.);6/8d
möglicherweise;6/8d
verkehrssituation, die, -en;6/8d
wohnraum, der, -e;6/8d
bass, der, -e;6/9
flöte, die, -n;6/9
musikinstrument, das, -e;6/9
piano, das, -s;6/9
schlagzeug, das, -e;6/9
violine, die, -n;6/9
vorfreude, die (sg.);6/9a
melodie, die, -n;6/9b
rhythmus, der, rhythmen;6/9b
stern, der, -e;6/9b
dahin;6/9c
grad;6/9c
hürde, die, -n;6/9c
in der lage sein (ich bin grade nicht in der lage, mich zu bewegen.);6/9c
liedzeile, die, -n;6/9c
nach|denken, er denkt nach, dachte nach, hat nachgedacht;6/9c
schweben;6/9c
selber (ugs. für selbst);6/9c
stapeln;6/9c
tiefe, die, -n;6/9c
umschreibung, die, -en;6/9c
bewerten;6/9d
kitschig;6/9d
verständlich;6/9d
